/*
Actualizacion de permisos y roles Capacítate
*/


	/**
	 * For truncate permissions table
	 */

    -- Step 1 : Drop foreign key
    ALTER TABLE `model_has_permissions`
	DROP FOREIGN KEY `model_has_permissions_permission_id_foreign`;

    -- Step 2: Drop foreign key index
    ALTER TABLE `model_has_permissions` 
	DROP INDEX  `model_has_permissions_model_id_model_type_index`;

    -- Step 3 : Drop foreign key
    ALTER TABLE `role_has_permissions`
    DROP FOREIGN KEY `role_has_permissions_permission_id_foreign`;

    -- Step 4 : truncate permissions table
    TRUNCATE TABLE `permissions`;
	
	-- Step 5 : truncate table role_has_permissions
	TRUNCATE TABLE `role_has_permissions`;
	
	-- Step 6 : Drop foreign key roles in model_has_roles
    ALTER TABLE `model_has_roles`
	DROP FOREIGN KEY `model_has_roles_role_id_foreign`;
	
	-- Step 7: Drop foreign key index roles in model_has_roles
    ALTER TABLE `model_has_roles` 
	DROP INDEX  `model_has_roles_model_id_model_type_index`;
	
	-- Step 8 : Truncate table model_has_roles
	TRUNCATE TABLE `model_has_roles`;
	
	-- Step 9 : Drop foreign key roles in model_has_roles
    ALTER TABLE `role_has_permissions`
	DROP FOREIGN KEY `role_has_permissions_role_id_foreign`;
	
	-- Step 10: Drop foreign key index roles in model_has_roles
    ALTER TABLE `role_has_permissions` 
	DROP INDEX  `role_has_permissions_role_id_foreign`;
	
	-- Truncate table roles
	TRUNCATE TABLE `roles`;
	
	/*
	Recrear indice y foreign key
	*/

    -- Step 1 : Recreate model_has_permissions index
    ALTER TABLE `model_has_permissions`
	ADD KEY `model_has_permissions_model_id_model_type_index` (`model_id`,`model_type`);

	-- Step 2 : Recrete model_has_permissions constraints
	ALTER TABLE `model_has_permissions`
	ADD CONSTRAINT `model_has_permissions_permission_id_foreign` FOREIGN KEY (`permission_id`) REFERENCES `permissions` (`id`) ON DELETE CASCADE;

	-- Step 3 : Recreate role_has_permissions constraints
	ALTER TABLE `role_has_permissions`
	ADD CONSTRAINT `role_has_permissions_permission_id_foreign` FOREIGN KEY (`permission_id`) REFERENCES `permissions` (`id`) ON DELETE CASCADE,
	ADD CONSTRAINT `role_has_permissions_role_id_foreign` FOREIGN KEY (`role_id`) REFERENCES `roles` (`id`) ON DELETE CASCADE;

	-- Step 4 : Recreate role_has_permissions index
	ALTER TABLE `role_has_permissions`
	ADD KEY `role_has_permissions_role_id_foreign` (`role_id`);
	
	-- Step 5 : Recreate model_has_roles index
	ALTER TABLE `model_has_roles`
	ADD KEY `model_has_roles_model_id_model_type_index` (`model_id`,`model_type`);
	
	-- Step 6 : Recreate model_has_roles constraints
	ALTER TABLE `model_has_roles`
	ADD CONSTRAINT `model_has_roles_role_id_foreign` FOREIGN KEY (`role_id`) REFERENCES `roles` (`id`) ON DELETE CASCADE;

	/*
	Insertar los registros en las tablas
	*/

	-- Step 1 : Insert data in permissions table
	INSERT INTO `permissions` (`id`, `name`, `guard_name`, `created_at`, `updated_at`) VALUES
	(1, 'view-dashboard', 'web', '2021-11-24 14:41:03', '2021-11-24 14:41:03'),
	(2, 'approve-request', 'web', '2021-11-24 14:41:03', '2021-11-24 14:41:03'),
	(3, 'enroll', 'web', '2021-11-24 14:41:03', '2021-11-24 14:41:03'),
	(4, 'take-test', 'web', '2021-11-24 14:41:03', '2021-11-24 14:41:03'),
	(5, 'evaluate-test', 'web', '2021-11-24 14:41:03', '2021-11-24 14:41:03'),
	(6, 'generate-certificate', 'web', '2021-11-24 14:41:03', '2021-11-24 14:41:03'),
	(7, 'asign-role', 'web', '2021-11-24 14:41:03', '2021-11-24 14:41:03'),
	(8, 'asign-permission', 'web', '2021-11-24 14:41:03', '2021-11-24 14:41:03'),
	(9, 'asign-course', 'web', '2021-11-24 14:41:03', '2021-11-24 14:41:03'),
	(10, 'moderate-course', 'web', '2021-11-24 14:41:03', '2021-11-24 14:41:03'),
	(11, 'asign-user', 'web', '2021-11-24 14:41:03', '2021-11-24 14:41:03'),
	(12, 'manage-attendance', 'web', '2021-11-24 14:41:03', '2021-11-24 14:41:03'),
	(13, 'send-email', 'web', '2021-11-24 14:41:03', '2021-11-24 14:41:03'),
	(14, 'edit-profile', 'web', '2021-11-24 14:41:03', '2021-11-24 14:41:03'),
	(15, 'send-message', 'web', '2021-11-24 14:41:03', '2021-11-24 14:41:03'),
	(16, 'view-log', 'web', '2021-11-24 14:41:03', '2021-11-24 14:41:03'),
	(17, 'delete-log', 'web', '2021-11-24 14:41:03', '2021-11-24 14:41:03'),
	(18, 'moderate-content', 'web', '2021-11-24 14:41:03', '2021-11-24 14:41:03'),
	(19, 'moderate-comment', 'web', '2021-11-24 14:41:03', '2021-11-24 14:41:03'),
	(20, 'manage-comment', 'web', '2021-11-24 14:41:03', '2021-11-24 14:41:03'),
	(21, 'reply-comment', 'web', '2021-11-24 14:41:03', '2021-11-24 14:41:03'),
	(22, 'manage-user', 'web', '2021-11-24 14:41:03', '2021-11-24 14:41:03'),
	(23, 'create-role', 'web', '2021-11-24 14:41:03', '2021-11-24 14:41:03'),
	(24, 'update-role', 'web', '2021-11-24 14:41:03', '2021-11-24 14:41:03'),
	(25, 'view-role', 'web', '2021-11-24 14:41:03', '2021-11-24 14:41:03'),
	(26, 'list-role', 'web', '2021-11-24 14:41:03', '2021-11-24 14:41:03'),
	(27, 'delete-role', 'web', '2021-11-24 14:41:03', '2021-11-24 14:41:03'),
	(28, 'create-permission', 'web', '2021-11-24 14:41:03', '2021-11-24 14:41:03'),
	(29, 'update-permission', 'web', '2021-11-24 14:41:03', '2021-11-24 14:41:03'),
	(30, 'view-permission', 'web', '2021-11-24 14:41:03', '2021-11-24 14:41:03'),
	(31, 'list-permission', 'web', '2021-11-24 14:41:03', '2021-11-24 14:41:03'),
	(32, 'delete-permission', 'web', '2021-11-24 14:41:03', '2021-11-24 14:41:03'),
	(33, 'create-user', 'web', '2021-11-24 14:41:03', '2021-11-24 14:41:03'),
	(34, 'update-user', 'web', '2021-11-24 14:41:03', '2021-11-24 14:41:03'),
	(35, 'view-user', 'web', '2021-11-24 14:41:03', '2021-11-24 14:41:03'),
	(36, 'list-user', 'web', '2021-11-24 14:41:03', '2021-11-24 14:41:03'),
	(37, 'delete-user', 'web', '2021-11-24 14:41:03', '2021-11-24 14:41:03'),
	(38, 'create-course', 'web', '2021-11-24 14:41:03', '2021-11-24 14:41:03'),
	(39, 'update-course', 'web', '2021-11-24 14:41:03', '2021-11-24 14:41:03'),
	(40, 'view-course', 'web', '2021-11-24 14:41:03', '2021-11-24 14:41:03'),
	(41, 'list-course', 'web', '2021-11-24 14:41:03', '2021-11-24 14:41:03'),
	(42, 'delete-course', 'web', '2021-11-24 14:41:03', '2021-11-24 14:41:03'),
	(43, 'create-post', 'web', '2021-11-24 14:41:03', '2021-11-24 14:41:03'),
	(44, 'update-post', 'web', '2021-11-24 14:41:03', '2021-11-24 14:41:03'),
	(45, 'view-post', 'web', '2021-11-24 14:41:03', '2021-11-24 14:41:03'),
	(46, 'list-post', 'web', '2021-11-24 14:41:03', '2021-11-24 14:41:03'),
	(47, 'delete-post', 'web', '2021-11-24 14:41:03', '2021-11-24 14:41:03'),
	(48, 'create-page', 'web', '2021-11-24 14:41:03', '2021-11-24 14:41:03'),
	(49, 'update-page', 'web', '2021-11-24 14:41:04', '2021-11-24 14:41:04'),
	(50, 'view-page', 'web', '2021-11-24 14:41:04', '2021-11-24 14:41:04'),
	(51, 'list-page', 'web', '2021-11-24 14:41:04', '2021-11-24 14:41:04'),
	(52, 'delete-page', 'web', '2021-11-24 14:41:04', '2021-11-24 14:41:04'),
	(53, 'create-category', 'web', '2021-11-24 14:41:04', '2021-11-24 14:41:04'),
	(54, 'update-category', 'web', '2021-11-24 14:41:04', '2021-11-24 14:41:04'),
	(55, 'view-category', 'web', '2021-11-24 14:41:04', '2021-11-24 14:41:04'),
	(56, 'list-category', 'web', '2021-11-24 14:41:04', '2021-11-24 14:41:04'),
	(57, 'delete-category', 'web', '2021-11-24 14:41:04', '2021-11-24 14:41:04'),
	(58, 'create-certificate', 'web', '2021-11-24 14:41:04', '2021-11-24 14:41:04'),
	(59, 'update-certificate', 'web', '2021-11-24 14:41:04', '2021-11-24 14:41:04'),
	(60, 'view-certificate', 'web', '2021-11-24 14:41:04', '2021-11-24 14:41:04'),
	(61, 'list-certificate', 'web', '2021-11-24 14:41:04', '2021-11-24 14:41:04'),
	(62, 'delete-certificate', 'web', '2021-11-24 14:41:04', '2021-11-24 14:41:04'),
	(63, 'create-comment', 'web', '2021-11-24 14:41:04', '2021-11-24 14:41:04'),
	(64, 'update-comment', 'web', '2021-11-24 14:41:04', '2021-11-24 14:41:04'),
	(65, 'view-comment', 'web', '2021-11-24 14:41:04', '2021-11-24 14:41:04'),
	(66, 'list-comment', 'web', '2021-11-24 14:41:04', '2021-11-24 14:41:04'),
	(67, 'delete-comment', 'web', '2021-11-24 14:41:04', '2021-11-24 14:41:04'),
	(68, 'create-language', 'web', '2021-11-24 14:41:04', '2021-11-24 14:41:04'),
	(69, 'update-language', 'web', '2021-11-24 14:41:04', '2021-11-24 14:41:04'),
	(70, 'view-language', 'web', '2021-11-24 14:41:04', '2021-11-24 14:41:04'),
	(71, 'list-language', 'web', '2021-11-24 14:41:04', '2021-11-24 14:41:04'),
	(72, 'delete-language', 'web', '2021-11-24 14:41:04', '2021-11-24 14:41:04'),
	(73, 'create-lesson', 'web', '2021-11-24 14:41:04', '2021-11-24 14:41:04'),
	(74, 'update-lesson', 'web', '2021-11-24 14:41:04', '2021-11-24 14:41:04'),
	(75, 'view-lesson', 'web', '2021-11-24 14:41:04', '2021-11-24 14:41:04'),
	(76, 'list-lesson', 'web', '2021-11-24 14:41:04', '2021-11-24 14:41:04'),
	(77, 'delete-lesson', 'web', '2021-11-24 14:41:04', '2021-11-24 14:41:04'),
	(78, 'create-level', 'web', '2021-11-24 14:41:04', '2021-11-24 14:41:04'),
	(79, 'update-level', 'web', '2021-11-24 14:41:04', '2021-11-24 14:41:04'),
	(80, 'view-level', 'web', '2021-11-24 14:41:04', '2021-11-24 14:41:04'),
	(81, 'list-level', 'web', '2021-11-24 14:41:04', '2021-11-24 14:41:04'),
	(82, 'delete-level', 'web', '2021-11-24 14:41:04', '2021-11-24 14:41:04'),
	(83, 'create-link', 'web', '2021-11-24 14:41:04', '2021-11-24 14:41:04'),
	(84, 'update-link', 'web', '2021-11-24 14:41:04', '2021-11-24 14:41:04'),
	(85, 'view-link', 'web', '2021-11-24 14:41:04', '2021-11-24 14:41:04'),
	(86, 'list-link', 'web', '2021-11-24 14:41:04', '2021-11-24 14:41:04'),
	(87, 'delete-link', 'web', '2021-11-24 14:41:04', '2021-11-24 14:41:04'),
	(88, 'create-membership', 'web', '2021-11-24 14:41:04', '2021-11-24 14:41:04'),
	(89, 'update-membership', 'web', '2021-11-24 14:41:04', '2021-11-24 14:41:04'),
	(90, 'view-membership', 'web', '2021-11-24 14:41:04', '2021-11-24 14:41:04'),
	(91, 'list-membership', 'web', '2021-11-24 14:41:04', '2021-11-24 14:41:04'),
	(92, 'delete-membership', 'web', '2021-11-24 14:41:04', '2021-11-24 14:41:04'),
	(93, 'create-message', 'web', '2021-11-24 14:41:04', '2021-11-24 14:41:04'),
	(94, 'update-message', 'web', '2021-11-24 14:41:04', '2021-11-24 14:41:04'),
	(95, 'view-message', 'web', '2021-11-24 14:41:04', '2021-11-24 14:41:04'),
	(96, 'list-message', 'web', '2021-11-24 14:41:04', '2021-11-24 14:41:04'),
	(97, 'delete-message', 'web', '2021-11-24 14:41:04', '2021-11-24 14:41:04'),
	(98, 'create-modality', 'web', '2021-11-24 14:41:04', '2021-11-24 14:41:04'),
	(99, 'update-modality', 'web', '2021-11-24 14:41:04', '2021-11-24 14:41:04'),
	(100, 'view-modality', 'web', '2021-11-24 14:41:04', '2021-11-24 14:41:04'),
	(101, 'list-modality', 'web', '2021-11-24 14:41:04', '2021-11-24 14:41:04'),
	(102, 'delete-modality', 'web', '2021-11-24 14:41:04', '2021-11-24 14:41:04'),
	(103, 'create-observation', 'web', '2021-11-24 14:41:04', '2021-11-24 14:41:04'),
	(104, 'update-observation', 'web', '2021-11-24 14:41:04', '2021-11-24 14:41:04'),
	(105, 'view-observation', 'web', '2021-11-24 14:41:04', '2021-11-24 14:41:04'),
	(106, 'list-observation', 'web', '2021-11-24 14:41:04', '2021-11-24 14:41:04'),
	(107, 'delete-observation', 'web', '2021-11-24 14:41:04', '2021-11-24 14:41:04'),
	(108, 'create-partner', 'web', '2021-11-24 14:41:04', '2021-11-24 14:41:04'),
	(109, 'update-partner', 'web', '2021-11-24 14:41:04', '2021-11-24 14:41:04'),
	(110, 'view-partner', 'web', '2021-11-24 14:41:04', '2021-11-24 14:41:04'),
	(111, 'list-partner', 'web', '2021-11-24 14:41:04', '2021-11-24 14:41:04'),
	(112, 'delete-partner', 'web', '2021-11-24 14:41:04', '2021-11-24 14:41:04'),
	(113, 'create-platform', 'web', '2021-11-24 14:41:04', '2021-11-24 14:41:04'),
	(114, 'update-platform', 'web', '2021-11-24 14:41:04', '2021-11-24 14:41:04'),
	(115, 'view-platform', 'web', '2021-11-24 14:41:04', '2021-11-24 14:41:04'),
	(116, 'list-platform', 'web', '2021-11-24 14:41:04', '2021-11-24 14:41:04'),
	(117, 'delete-platform', 'web', '2021-11-24 14:41:04', '2021-11-24 14:41:04'),
	(118, 'create-price', 'web', '2021-11-24 14:41:04', '2021-11-24 14:41:04'),
	(119, 'update-price', 'web', '2021-11-24 14:41:04', '2021-11-24 14:41:04'),
	(120, 'view-price', 'web', '2021-11-24 14:41:04', '2021-11-24 14:41:04'),
	(121, 'list-price', 'web', '2021-11-24 14:41:04', '2021-11-24 14:41:04'),
	(122, 'delete-price', 'web', '2021-11-24 14:41:04', '2021-11-24 14:41:04'),
	(123, 'create-program', 'web', '2021-11-24 14:41:04', '2021-11-24 14:41:04'),
	(124, 'update-program', 'web', '2021-11-24 14:41:04', '2021-11-24 14:41:04'),
	(125, 'view-program', 'web', '2021-11-24 14:41:04', '2021-11-24 14:41:04'),
	(126, 'list-program', 'web', '2021-11-24 14:41:04', '2021-11-24 14:41:04'),
	(127, 'delete-program', 'web', '2021-11-24 14:41:04', '2021-11-24 14:41:04'),
	(128, 'create-question', 'web', '2021-11-24 14:41:04', '2021-11-24 14:41:04'),
	(129, 'update-question', 'web', '2021-11-24 14:41:04', '2021-11-24 14:41:04'),
	(130, 'view-question', 'web', '2021-11-24 14:41:04', '2021-11-24 14:41:04'),
	(131, 'list-question', 'web', '2021-11-24 14:41:04', '2021-11-24 14:41:04'),
	(132, 'delete-question', 'web', '2021-11-24 14:41:04', '2021-11-24 14:41:04'),
	(133, 'create-reaction', 'web', '2021-11-24 14:41:04', '2021-11-24 14:41:04'),
	(134, 'update-reaction', 'web', '2021-11-24 14:41:04', '2021-11-24 14:41:04'),
	(135, 'view-reaction', 'web', '2021-11-24 14:41:04', '2021-11-24 14:41:04'),
	(136, 'list-reaction', 'web', '2021-11-24 14:41:04', '2021-11-24 14:41:04'),
	(137, 'delete-reaction', 'web', '2021-11-24 14:41:04', '2021-11-24 14:41:04'),
	(138, 'create-requirement', 'web', '2021-11-24 14:41:05', '2021-11-24 14:41:05'),
	(139, 'update-requirement', 'web', '2021-11-24 14:41:05', '2021-11-24 14:41:05'),
	(140, 'view-requirement', 'web', '2021-11-24 14:41:05', '2021-11-24 14:41:05'),
	(141, 'list-requirement', 'web', '2021-11-24 14:41:05', '2021-11-24 14:41:05'),
	(142, 'delete-requirement', 'web', '2021-11-24 14:41:05', '2021-11-24 14:41:05'),
	(143, 'create-resource', 'web', '2021-11-24 14:41:05', '2021-11-24 14:41:05'),
	(144, 'update-resource', 'web', '2021-11-24 14:41:05', '2021-11-24 14:41:05'),
	(145, 'view-resource', 'web', '2021-11-24 14:41:05', '2021-11-24 14:41:05'),
	(146, 'list-resource', 'web', '2021-11-24 14:41:05', '2021-11-24 14:41:05'),
	(147, 'delete-resource', 'web', '2021-11-24 14:41:05', '2021-11-24 14:41:05'),
	(148, 'create-result', 'web', '2021-11-24 14:41:05', '2021-11-24 14:41:05'),
	(149, 'update-result', 'web', '2021-11-24 14:41:05', '2021-11-24 14:41:05'),
	(150, 'view-result', 'web', '2021-11-24 14:41:05', '2021-11-24 14:41:05'),
	(151, 'list-result', 'web', '2021-11-24 14:41:05', '2021-11-24 14:41:05'),
	(152, 'delete-result', 'web', '2021-11-24 14:41:05', '2021-11-24 14:41:05'),
	(153, 'create-review', 'web', '2021-11-24 14:41:05', '2021-11-24 14:41:05'),
	(154, 'update-review', 'web', '2021-11-24 14:41:05', '2021-11-24 14:41:05'),
	(155, 'view-review', 'web', '2021-11-24 14:41:05', '2021-11-24 14:41:05'),
	(156, 'list-review', 'web', '2021-11-24 14:41:05', '2021-11-24 14:41:05'),
	(157, 'delete-review', 'web', '2021-11-24 14:41:05', '2021-11-24 14:41:05'),
	(158, 'create-section', 'web', '2021-11-24 14:41:05', '2021-11-24 14:41:05'),
	(159, 'update-section', 'web', '2021-11-24 14:41:05', '2021-11-24 14:41:05'),
	(160, 'view-section', 'web', '2021-11-24 14:41:05', '2021-11-24 14:41:05'),
	(161, 'list-section', 'web', '2021-11-24 14:41:05', '2021-11-24 14:41:05'),
	(162, 'delete-section', 'web', '2021-11-24 14:41:05', '2021-11-24 14:41:05'),
	(163, 'create-slide', 'web', '2021-11-24 14:41:05', '2021-11-24 14:41:05'),
	(164, 'update-slide', 'web', '2021-11-24 14:41:05', '2021-11-24 14:41:05'),
	(165, 'view-slide', 'web', '2021-11-24 14:41:05', '2021-11-24 14:41:05'),
	(166, 'list-slide', 'web', '2021-11-24 14:41:05', '2021-11-24 14:41:05'),
	(167, 'delete-slide', 'web', '2021-11-24 14:41:05', '2021-11-24 14:41:05'),
	(168, 'create-subject', 'web', '2021-11-24 14:41:05', '2021-11-24 14:41:05'),
	(169, 'update-subject', 'web', '2021-11-24 14:41:05', '2021-11-24 14:41:05'),
	(170, 'view-subject', 'web', '2021-11-24 14:41:05', '2021-11-24 14:41:05'),
	(171, 'list-subject', 'web', '2021-11-24 14:41:05', '2021-11-24 14:41:05'),
	(172, 'delete-subject', 'web', '2021-11-24 14:41:05', '2021-11-24 14:41:05'),
	(173, 'create-subscription', 'web', '2021-11-24 14:41:05', '2021-11-24 14:41:05'),
	(174, 'update-subscription', 'web', '2021-11-24 14:41:05', '2021-11-24 14:41:05'),
	(175, 'view-subscription', 'web', '2021-11-24 14:41:05', '2021-11-24 14:41:05'),
	(176, 'list-subscription', 'web', '2021-11-24 14:41:05', '2021-11-24 14:41:05'),
	(177, 'delete-subscription', 'web', '2021-11-24 14:41:05', '2021-11-24 14:41:05'),
	(178, 'create-tag', 'web', '2021-11-24 14:41:05', '2021-11-24 14:41:05'),
	(179, 'update-tag', 'web', '2021-11-24 14:41:05', '2021-11-24 14:41:05'),
	(180, 'view-tag', 'web', '2021-11-24 14:41:05', '2021-11-24 14:41:05'),
	(181, 'list-tag', 'web', '2021-11-24 14:41:05', '2021-11-24 14:41:05'),
	(182, 'delete-tag', 'web', '2021-11-24 14:41:05', '2021-11-24 14:41:05'),
	(183, 'create-test', 'web', '2021-11-24 14:41:05', '2021-11-24 14:41:05'),
	(184, 'update-test', 'web', '2021-11-24 14:41:05', '2021-11-24 14:41:05'),
	(185, 'view-test', 'web', '2021-11-24 14:41:05', '2021-11-24 14:41:05'),
	(186, 'list-test', 'web', '2021-11-24 14:41:05', '2021-11-24 14:41:05'),
	(187, 'delete-test', 'web', '2021-11-24 14:41:05', '2021-11-24 14:41:05'),
	(188, 'create-topic', 'web', '2021-11-24 14:41:05', '2021-11-24 14:41:05'),
	(189, 'update-topic', 'web', '2021-11-24 14:41:05', '2021-11-24 14:41:05'),
	(190, 'view-topic', 'web', '2021-11-24 14:41:05', '2021-11-24 14:41:05'),
	(191, 'list-topic', 'web', '2021-11-24 14:41:05', '2021-11-24 14:41:05'),
	(192, 'delete-topic', 'web', '2021-11-24 14:41:05', '2021-11-24 14:41:05'),
	(193, 'create-type', 'web', '2021-11-24 14:41:05', '2021-11-24 14:41:05'),
	(194, 'update-type', 'web', '2021-11-24 14:41:05', '2021-11-24 14:41:05'),
	(195, 'view-type', 'web', '2021-11-24 14:41:05', '2021-11-24 14:41:05'),
	(196, 'list-type', 'web', '2021-11-24 14:41:05', '2021-11-24 14:41:05'),
	(197, 'delete-type', 'web', '2021-11-24 14:41:05', '2021-11-24 14:41:05'),
	(198, 'assign-administrator', 'web', '2021-11-24 14:41:05', '2021-11-24 14:41:05'),
	(199, 'assign-manager', 'web', '2021-11-24 14:41:05', '2021-11-24 14:41:05'),
	(200, 'assign-coursemoderator', 'web', '2021-11-24 14:41:05', '2021-11-24 14:41:05'),
	(201, 'assign-coursecreator', 'web', '2021-11-24 14:41:05', '2021-11-24 14:41:05'),
	(202, 'assign-contentmoderator', 'web', '2021-11-24 14:41:05', '2021-11-24 14:41:05'),
	(203, 'assign-contentcreator', 'web', '2021-11-24 14:41:05', '2021-11-24 14:41:05'),
	(204, 'assign-internalinstructor', 'web', '2021-11-24 14:41:05', '2021-11-24 14:41:05'),
	(205, 'assign-externalinstructor', 'web', '2021-11-24 14:41:05', '2021-11-24 14:41:05'),
	(206, 'assign-helper', 'web', '2021-11-24 14:41:05', '2021-11-24 14:41:05'),
	(207, 'assign-student', 'web', '2021-11-24 14:41:05', '2021-11-24 14:41:05'),
	(208, 'assign-guest', 'web', '2021-11-24 14:41:05', '2021-11-24 14:41:05');
	
	-- Step 2 : Insert data in roles table
	INSERT INTO `roles` (`id`, `name`, `guard_name`, `created_at`, `updated_at`) VALUES
	(1, 'administrator', 'web', '2021-11-24 14:41:05', '2021-11-24 14:41:05'),
	(2, 'manager', 'web', '2021-11-24 14:41:06', '2021-11-24 14:41:06'),
	(3, 'coursemoderator', 'web', '2021-11-24 14:41:06', '2021-11-24 14:41:06'),
	(4, 'coursecreator', 'web', '2021-11-24 14:41:06', '2021-11-24 14:41:06'),
	(5, 'contentmoderator', 'web', '2021-11-24 14:41:06', '2021-11-24 14:41:06'),
	(6, 'contentcreator', 'web', '2021-11-24 14:41:06', '2021-11-24 14:41:06'),
	(7, 'internalinstructor', 'web', '2021-11-24 14:41:06', '2021-11-24 14:41:06'),
	(8, 'externalinstructor', 'web', '2021-11-24 14:41:07', '2021-11-24 14:41:07'),
	(9, 'helper', 'web', '2021-11-24 14:41:07', '2021-11-24 14:41:07'),
	(10, 'student', 'web', '2021-11-24 14:41:07', '2021-11-24 14:41:07'),
	(11, 'guest', 'web', '2021-11-24 14:41:07', '2021-11-24 14:41:07');
	
	-- Step 3 : Insert data in model_has_roles table
	INSERT INTO `model_has_roles` (`role_id`, `model_type`, `model_id`) VALUES
	(1, 'App\\Models\\User', 1),
	(2, 'App\\Models\\User', 2),
	(3, 'App\\Models\\User', 3),
	(4, 'App\\Models\\User', 4),
	(4, 'App\\Models\\User', 6),
	(4, 'App\\Models\\User', 7),
	(4, 'App\\Models\\User', 8),
	(4, 'App\\Models\\User', 9),
	(4, 'App\\Models\\User', 10),
	(4, 'App\\Models\\User', 11),
	(4, 'App\\Models\\User', 12),
	(4, 'App\\Models\\User', 13),
	(4, 'App\\Models\\User', 14),
	(4, 'App\\Models\\User', 15),
	(4, 'App\\Models\\User', 16),
	(4, 'App\\Models\\User', 17),
	(4, 'App\\Models\\User', 18),
	(5, 'App\\Models\\User', 5);
	
	-- Step 4 : Insert data in role_has_permissions table 
	INSERT INTO `role_has_permissions` (`permission_id`, `role_id`) VALUES
	(1, 1),
	(1, 2),
	(2, 1),
	(2, 2),
	(2, 4),
	(2, 7),
	(2, 8),
	(2, 9),
	(3, 6),
	(3, 10),
	(4, 6),
	(4, 10),
	(5, 4),
	(5, 7),
	(5, 8),
	(5, 9),
	(5, 10),
	(6, 1),
	(6, 2),
	(6, 10),
	(7, 1),
	(7, 2),
	(8, 1),
	(8, 2),
	(9, 1),
	(9, 2),
	(9, 4),
	(9, 7),
	(10, 1),
	(10, 2),
	(10, 3),
	(11, 1),
	(11, 2),
	(11, 4),
	(11, 6),
	(11, 7),
	(11, 8),
	(12, 4),
	(12, 7),
	(12, 8),
	(12, 9),
	(13, 1),
	(13, 2),
	(13, 3),
	(13, 4),
	(13, 5),
	(13, 6),
	(13, 7),
	(13, 8),
	(13, 9),
	(13, 10),
	(14, 1),
	(14, 2),
	(14, 3),
	(14, 4),
	(14, 5),
	(14, 6),
	(14, 7),
	(14, 8),
	(14, 9),
	(14, 10),
	(15, 1),
	(15, 2),
	(15, 3),
	(15, 4),
	(15, 5),
	(15, 6),
	(15, 7),
	(15, 8),
	(15, 9),
	(15, 10),
	(16, 1),
	(16, 2),
	(17, 1),
	(18, 1),
	(18, 2),
	(18, 5),
	(19, 1),
	(19, 2),
	(19, 3),
	(19, 5),
	(20, 1),
	(20, 3),
	(20, 4),
	(20, 5),
	(20, 6),
	(20, 7),
	(20, 8),
	(21, 1),
	(21, 2),
	(21, 4),
	(21, 6),
	(21, 7),
	(21, 8),
	(21, 9),
	(21, 10),
	(22, 1),
	(22, 2),
	(23, 1),
	(24, 1),
	(25, 1),
	(25, 2),
	(26, 1),
	(26, 2),
	(27, 1),
	(28, 1),
	(29, 1),
	(30, 1),
	(30, 2),
	(31, 1),
	(31, 2),
	(32, 1),
	(33, 1),
	(33, 2),
	(34, 1),
	(34, 2),
	(35, 1),
	(35, 2),
	(36, 1),
	(36, 2),
	(37, 1),
	(38, 1),
	(38, 4),
	(38, 7),
	(39, 1),
	(39, 2),
	(39, 4),
	(39, 7),
	(39, 8),
	(40, 1),
	(40, 2),
	(40, 3),
	(40, 4),
	(40, 7),
	(40, 8),
	(40, 9),
	(40, 10),
	(40, 11),
	(41, 1),
	(41, 2),
	(41, 3),
	(41, 4),
	(41, 7),
	(41, 8),
	(41, 9),
	(41, 10),
	(42, 1),
	(42, 4),
	(42, 7),
	(42, 8),
	(43, 1),
	(43, 6),
	(44, 1),
	(44, 6),
	(45, 1),
	(45, 2),
	(45, 3),
	(45, 4),
	(45, 5),
	(45, 6),
	(46, 1),
	(46, 2),
	(46, 3),
	(46, 4),
	(46, 5),
	(46, 6),
	(47, 1),
	(47, 6),
	(48, 1),
	(48, 2),
	(48, 6),
	(49, 1),
	(49, 2),
	(49, 6),
	(50, 1),
	(50, 2),
	(50, 3),
	(50, 4),
	(50, 5),
	(50, 6),
	(51, 1),
	(51, 2),
	(51, 3),
	(51, 4),
	(51, 5),
	(51, 6),
	(52, 1),
	(52, 2),
	(52, 6),
	(53, 1),
	(53, 2),
	(54, 1),
	(54, 2),
	(55, 1),
	(55, 2),
	(55, 3),
	(55, 4),
	(55, 6),
	(55, 7),
	(55, 8),
	(55, 9),
	(55, 10),
	(55, 11),
	(56, 1),
	(56, 2),
	(56, 3),
	(56, 4),
	(56, 6),
	(56, 7),
	(56, 8),
	(57, 1),
	(57, 2),
	(58, 1),
	(58, 2),
	(59, 1),
	(59, 2),
	(60, 1),
	(60, 2),
	(60, 3),
	(60, 4),
	(60, 7),
	(60, 8),
	(60, 9),
	(60, 10),
	(61, 1),
	(61, 2),
	(61, 3),
	(61, 4),
	(61, 7),
	(61, 8),
	(61, 9),
	(61, 10),
	(62, 1),
	(62, 2),
	(63, 1),
	(63, 2),
	(63, 4),
	(63, 6),
	(63, 7),
	(63, 8),
	(63, 9),
	(63, 10),
	(64, 1),
	(64, 2),
	(64, 4),
	(64, 6),
	(64, 7),
	(64, 8),
	(64, 9),
	(64, 10),
	(65, 1),
	(65, 2),
	(65, 4),
	(65, 6),
	(65, 7),
	(65, 8),
	(65, 9),
	(65, 10),
	(66, 1),
	(66, 2),
	(66, 4),
	(66, 6),
	(66, 7),
	(66, 8),
	(66, 9),
	(66, 10),
	(67, 1),
	(67, 2),
	(67, 4),
	(67, 6),
	(67, 7),
	(67, 8),
	(67, 9),
	(67, 10),
	(68, 1),
	(68, 2),
	(69, 1),
	(69, 2),
	(70, 1),
	(70, 2),
	(70, 4),
	(70, 7),
	(70, 8),
	(70, 9),
	(70, 10),
	(70, 11),
	(71, 1),
	(71, 2),
	(71, 4),
	(71, 7),
	(71, 8),
	(72, 1),
	(72, 2),
	(73, 1),
	(73, 4),
	(73, 7),
	(73, 8),
	(74, 1),
	(74, 4),
	(74, 7),
	(74, 8),
	(75, 1),
	(75, 2),
	(75, 3),
	(75, 4),
	(75, 7),
	(75, 8),
	(75, 9),
	(75, 10),
	(75, 11),
	(76, 1),
	(76, 2),
	(76, 3),
	(76, 4),
	(76, 7),
	(76, 8),
	(76, 9),
	(76, 10),
	(77, 1),
	(77, 4),
	(77, 7),
	(77, 8),
	(78, 1),
	(78, 2),
	(79, 1),
	(79, 2),
	(80, 1),
	(80, 2),
	(80, 3),
	(80, 4),
	(80, 7),
	(80, 8),
	(80, 9),
	(80, 10),
	(80, 11),
	(81, 1),
	(81, 2),
	(81, 3),
	(81, 4),
	(81, 7),
	(81, 8),
	(82, 1),
	(82, 2),
	(83, 1),
	(83, 2),
	(84, 1),
	(84, 2),
	(85, 1),
	(85, 2),
	(86, 1),
	(86, 2),
	(87, 1),
	(87, 2),
	(88, 1),
	(88, 2),
	(89, 1),
	(89, 2),
	(90, 1),
	(90, 2),
	(91, 1),
	(91, 2),
	(92, 1),
	(92, 2),
	(93, 1),
	(93, 2),
	(93, 3),
	(93, 4),
	(93, 5),
	(93, 6),
	(93, 7),
	(93, 8),
	(93, 9),
	(93, 10),
	(94, 1),
	(94, 2),
	(95, 1),
	(95, 2),
	(95, 3),
	(95, 4),
	(95, 5),
	(95, 6),
	(95, 7),
	(95, 8),
	(95, 9),
	(95, 10),
	(96, 1),
	(96, 2),
	(96, 3),
	(96, 4),
	(96, 5),
	(96, 6),
	(96, 7),
	(96, 8),
	(96, 9),
	(96, 10),
	(97, 1),
	(97, 2),
	(97, 3),
	(97, 4),
	(97, 5),
	(97, 6),
	(97, 7),
	(97, 8),
	(97, 9),
	(97, 10),
	(98, 1),
	(98, 2),
	(99, 1),
	(99, 2),
	(100, 1),
	(100, 2),
	(100, 3),
	(100, 4),
	(100, 7),
	(100, 8),
	(100, 9),
	(100, 10),
	(100, 11),
	(101, 1),
	(101, 2),
	(101, 3),
	(101, 4),
	(101, 7),
	(101, 8),
	(102, 1),
	(102, 2),
	(103, 1),
	(103, 2),
	(103, 3),
	(103, 5),
	(104, 1),
	(104, 2),
	(104, 3),
	(104, 5),
	(105, 1),
	(105, 2),
	(105, 3),
	(105, 4),
	(105, 5),
	(105, 6),
	(105, 7),
	(105, 8),
	(106, 1),
	(106, 2),
	(106, 3),
	(106, 4),
	(106, 5),
	(106, 6),
	(106, 7),
	(106, 8),
	(107, 1),
	(107, 2),
	(107, 3),
	(107, 5),
	(108, 1),
	(108, 2),
	(109, 1),
	(109, 2),
	(110, 1),
	(110, 2),
	(111, 1),
	(111, 2),
	(112, 1),
	(112, 2),
	(113, 1),
	(113, 2),
	(114, 1),
	(114, 2),
	(115, 1),
	(115, 2),
	(115, 3),
	(115, 4),
	(115, 6),
	(115, 7),
	(115, 8),
	(116, 1),
	(116, 2),
	(116, 3),
	(116, 4),
	(116, 6),
	(116, 7),
	(116, 8),
	(117, 1),
	(117, 2),
	(118, 1),
	(118, 2),
	(119, 1),
	(119, 2),
	(120, 1),
	(120, 2),
	(120, 3),
	(120, 4),
	(120, 7),
	(120, 8),
	(120, 9),
	(120, 10),
	(121, 1),
	(121, 2),
	(121, 3),
	(121, 4),
	(121, 7),
	(121, 8),
	(122, 1),
	(122, 2),
	(123, 1),
	(123, 2),
	(124, 1),
	(124, 2),
	(125, 1),
	(125, 2),
	(125, 3),
	(125, 4),
	(125, 6),
	(125, 7),
	(125, 8),
	(125, 9),
	(125, 10),
	(125, 11),
	(126, 1),
	(126, 2),
	(126, 3),
	(126, 4),
	(126, 6),
	(126, 7),
	(126, 8),
	(126, 9),
	(127, 1),
	(127, 2),
	(128, 1),
	(128, 4),
	(128, 7),
	(128, 8),
	(129, 1),
	(129, 4),
	(129, 7),
	(129, 8),
	(130, 1),
	(130, 2),
	(130, 3),
	(130, 4),
	(130, 7),
	(130, 8),
	(130, 9),
	(130, 10),
	(131, 1),
	(131, 2),
	(131, 3),
	(131, 4),
	(131, 7),
	(131, 8),
	(131, 9),
	(131, 10),
	(132, 1),
	(132, 4),
	(132, 7),
	(132, 8),
	(133, 1),
	(133, 10),
	(134, 1),
	(134, 10),
	(135, 1),
	(135, 2),
	(135, 3),
	(135, 4),
	(135, 5),
	(135, 6),
	(135, 7),
	(135, 8),
	(135, 9),
	(135, 10),
	(136, 1),
	(136, 2),
	(136, 3),
	(136, 4),
	(136, 5),
	(136, 6),
	(136, 7),
	(136, 8),
	(136, 9),
	(136, 10),
	(137, 1),
	(137, 10),
	(138, 1),
	(138, 4),
	(138, 7),
	(138, 8),
	(139, 1),
	(139, 4),
	(139, 7),
	(139, 8),
	(140, 1),
	(140, 2),
	(140, 3),
	(140, 4),
	(140, 7),
	(140, 8),
	(140, 9),
	(140, 10),
	(140, 11),
	(141, 1),
	(141, 2),
	(141, 3),
	(141, 4),
	(141, 7),
	(141, 8),
	(141, 9),
	(141, 10),
	(142, 1),
	(142, 4),
	(142, 7),
	(142, 8),
	(143, 1),
	(143, 4),
	(143, 6),
	(143, 7),
	(143, 8),
	(143, 10),
	(144, 1),
	(144, 4),
	(144, 6),
	(144, 7),
	(144, 8),
	(144, 10),
	(145, 1),
	(145, 2),
	(145, 3),
	(145, 4),
	(145, 5),
	(145, 6),
	(145, 7),
	(145, 8),
	(145, 9),
	(145, 10),
	(146, 1),
	(146, 2),
	(146, 3),
	(146, 4),
	(146, 5),
	(146, 6),
	(146, 7),
	(146, 8),
	(146, 9),
	(146, 10),
	(147, 1),
	(147, 4),
	(147, 6),
	(147, 7),
	(147, 8),
	(147, 10),
	(148, 1),
	(148, 4),
	(148, 7),
	(148, 8),
	(148, 9),
	(149, 1),
	(150, 1),
	(150, 2),
	(150, 3),
	(150, 4),
	(150, 7),
	(150, 8),
	(150, 9),
	(150, 10),
	(151, 1),
	(151, 2),
	(151, 3),
	(151, 4),
	(151, 7),
	(151, 8),
	(151, 9),
	(151, 10),
	(152, 1),
	(153, 1),
	(154, 1),
	(155, 1),
	(155, 2),
	(155, 3),
	(155, 4),
	(155, 5),
	(155, 6),
	(155, 7),
	(155, 8),
	(155, 9),
	(155, 10),
	(155, 11),
	(156, 1),
	(156, 2),
	(156, 3),
	(156, 4),
	(156, 5),
	(156, 6),
	(156, 7),
	(156, 8),
	(156, 9),
	(156, 10),
	(157, 1),
	(158, 1),
	(158, 4),
	(158, 7),
	(158, 8),
	(159, 1),
	(159, 4),
	(159, 7),
	(159, 8),
	(160, 1),
	(160, 2),
	(160, 3),
	(160, 4),
	(160, 7),
	(160, 8),
	(160, 9),
	(160, 10),
	(160, 11),
	(161, 1),
	(161, 2),
	(161, 3),
	(161, 4),
	(161, 7),
	(161, 8),
	(161, 9),
	(161, 10),
	(162, 1),
	(162, 4),
	(162, 7),
	(162, 8),
	(163, 1),
	(164, 1),
	(165, 1),
	(165, 2),
	(166, 1),
	(166, 2),
	(167, 1),
	(168, 1),
	(168, 2),
	(169, 1),
	(169, 2),
	(170, 1),
	(170, 2),
	(170, 3),
	(170, 4),
	(170, 7),
	(170, 8),
	(170, 9),
	(170, 10),
	(171, 1),
	(171, 2),
	(171, 3),
	(171, 4),
	(171, 7),
	(171, 8),
	(171, 9),
	(171, 10),
	(172, 1),
	(172, 2),
	(173, 1),
	(173, 2),
	(174, 1),
	(174, 2),
	(175, 1),
	(175, 2),
	(175, 3),
	(175, 4),
	(175, 7),
	(175, 8),
	(175, 9),
	(175, 10),
	(176, 1),
	(176, 2),
	(176, 3),
	(176, 4),
	(176, 7),
	(176, 8),
	(176, 9),
	(176, 10),
	(177, 1),
	(177, 2),
	(178, 1),
	(178, 2),
	(178, 3),
	(178, 4),
	(178, 6),
	(178, 7),
	(178, 8),
	(179, 1),
	(179, 2),
	(180, 1),
	(180, 2),
	(180, 3),
	(180, 4),
	(180, 6),
	(180, 7),
	(180, 8),
	(180, 9),
	(180, 10),
	(180, 11),
	(181, 1),
	(181, 2),
	(181, 3),
	(181, 4),
	(181, 6),
	(181, 7),
	(181, 8),
	(182, 1),
	(182, 2),
	(183, 1),
	(183, 4),
	(183, 7),
	(183, 8),
	(184, 1),
	(184, 4),
	(184, 7),
	(184, 8),
	(185, 1),
	(185, 2),
	(185, 3),
	(185, 4),
	(185, 7),
	(185, 8),
	(185, 9),
	(185, 10),
	(186, 1),
	(186, 2),
	(186, 3),
	(186, 4),
	(186, 7),
	(186, 8),
	(186, 9),
	(186, 10),
	(187, 1),
	(187, 4),
	(187, 7),
	(187, 8),
	(188, 1),
	(188, 2),
	(189, 1),
	(189, 2),
	(190, 1),
	(190, 2),
	(190, 3),
	(190, 4),
	(190, 7),
	(190, 8),
	(190, 9),
	(190, 10),
	(190, 11),
	(191, 1),
	(191, 2),
	(191, 3),
	(191, 4),
	(191, 7),
	(191, 8),
	(192, 1),
	(192, 2),
	(193, 1),
	(193, 2),
	(194, 1),
	(194, 2),
	(195, 1),
	(195, 2),
	(195, 3),
	(195, 4),
	(195, 7),
	(195, 8),
	(195, 9),
	(195, 10),
	(195, 11),
	(196, 1),
	(196, 2),
	(196, 3),
	(196, 4),
	(196, 7),
	(196, 8),
	(197, 1),
	(197, 2),
	(198, 1),
	(198, 2),
	(199, 1),
	(199, 2),
	(200, 1),
	(200, 2),
	(201, 1),
	(201, 2),
	(202, 1),
	(202, 2),
	(203, 1),
	(203, 2),
	(204, 1),
	(204, 2),
	(205, 1),
	(205, 2),
	(206, 1),
	(206, 2),
	(207, 1),
	(207, 2),
	(208, 1),
	(208, 2);
	